epoch,time,train/box_loss,train/cls_loss,train/dfl_loss,metrics/precision(B),metrics/recall(B),metrics/mAP50(B),metrics/mAP50-95(B),val/box_loss,val/cls_loss,val/dfl_loss,lr/pg0,lr/pg1,lr/pg2
1,27.3928,1.47592,3.14972,1.77418,0.00308,1,0.62194,0.42185,0.76423,3.28338,1.0114,0.000463056,0.000463056,0.000463056
2,51.2722,1.09971,2.81711,1.42088,0.00283,0.975,0.51187,0.27383,1.10552,3.38239,1.30932,0.000998552,0.000998552,0.000998552
3,73.8042,1.1253,2.49414,1.41963,0.00303,1,0.2172,0.07937,1.30308,3.61149,1.56097,0.00151204,0.00151204,0.00151204
4,95.9833,1.16012,2.16242,1.47165,0.00299,0.975,0.15815,0.04646,1.77835,3.59832,2.39347,0.00156798,0.00156798,0.00156798
5,118.212,1.2232,1.87416,1.44818,0.00314,1,0.14488,0.02916,2.63844,4.02933,4.0064,0.00153497,0.00153497,0.00153497
6,139.978,1.32378,1.9447,1.57579,0.70237,0.1,0.33583,0.15035,1.32076,3.08653,2.09754,0.00150197,0.00150197,0.00150197
7,161.852,1.24915,1.75369,1.46065,0.29776,0.18451,0.34606,0.17129,1.27774,3.03903,2.17498,0.00146896,0.00146896,0.00146896
8,183.923,1.25867,1.59443,1.46145,0.5491,0.375,0.39387,0.20188,1.24047,3.17419,1.84416,0.00143595,0.00143595,0.00143595
9,208.669,1.1739,1.55584,1.38558,0.78956,0.34891,0.54563,0.25283,1.60783,3.23609,2.29904,0.00140295,0.00140295,0.00140295
10,231.323,1.2653,1.62034,1.44437,0.49654,0.5,0.50229,0.35109,1.06152,2.43449,1.60978,0.00136994,0.00136994,0.00136994
11,253.393,1.22985,1.58624,1.46147,0.53685,0.48841,0.47293,0.31435,0.99486,2.73921,1.64107,0.00133693,0.00133693,0.00133693
12,275.408,1.13086,1.45188,1.35374,0.3977,0.36386,0.42321,0.22308,1.25347,2.86988,1.85987,0.00130393,0.00130393,0.00130393
13,297.332,1.18765,1.42659,1.43335,0.4273,0.48551,0.4472,0.29938,1.04634,2.60939,1.49636,0.00127092,0.00127092,0.00127092
14,318.962,1.16056,1.34885,1.39119,0.2453,0.525,0.47366,0.2731,0.91824,2.83546,1.22231,0.00123791,0.00123791,0.00123791
15,340.604,1.04721,1.48292,1.34877,0.52894,0.5,0.48213,0.25814,0.86431,2.98983,1.12873,0.00120491,0.00120491,0.00120491
16,362.479,1.11837,1.36887,1.39266,0.6825,0.6847,0.78278,0.40216,1.18344,2.44032,1.36372,0.0011719,0.0011719,0.0011719
17,384.441,1.07313,1.30625,1.33544,0.8202,0.925,0.92222,0.55596,1.30899,1.89455,1.38309,0.00113889,0.00113889,0.00113889
18,406.459,0.99139,1.34599,1.31989,0.89644,0.88463,0.92949,0.76429,0.71925,1.62174,0.97727,0.00110589,0.00110589,0.00110589
19,429.305,1.03957,1.33644,1.31622,0.78377,0.93163,0.93182,0.75733,0.75277,1.65428,1.00364,0.00107288,0.00107288,0.00107288
20,454.054,1.02976,1.24809,1.28077,0.76149,0.85,0.91584,0.69198,0.82482,1.57408,1.10546,0.00103987,0.00103987,0.00103987
21,475.754,1.04925,1.3219,1.31288,0.77665,0.691,0.84107,0.61002,0.93269,1.55385,1.22071,0.00100687,0.00100687,0.00100687
22,498.244,1.07201,1.28472,1.29355,0.70084,0.70444,0.84645,0.59325,0.90953,1.52052,1.20245,0.000973861,0.000973861,0.000973861
23,519.816,0.97978,1.19452,1.20399,0.46536,0.475,0.57486,0.33134,1.14387,1.92886,1.33957,0.000940855,0.000940855,0.000940855
24,542.326,0.99442,1.22121,1.21811,0.39972,0.2,0.25564,0.09938,2.68071,3.46994,2.484,0.000907848,0.000907848,0.000907848
25,564.181,1.04039,1.18696,1.25544,0.49989,0.25,0.29165,0.11361,2.51184,3.19693,2.31331,0.000874842,0.000874842,0.000874842
26,585.794,1.06249,1.1736,1.28444,0.95126,0.88221,0.93389,0.55419,1.10539,1.5612,1.34799,0.000841835,0.000841835,0.000841835
27,606.715,0.98953,1.10183,1.25672,0.9849,0.93821,0.96687,0.59954,0.96699,1.33656,1.27765,0.000808828,0.000808828,0.000808828
28,627.982,0.92168,1.10837,1.21666,0.85002,0.925,0.93018,0.60211,1.00505,1.21313,1.24431,0.000775822,0.000775822,0.000775822
29,648.807,0.88224,0.98766,1.17908,0.79281,0.925,0.93898,0.67154,0.86586,1.13919,1.09363,0.000742815,0.000742815,0.000742815
30,670.025,1.00668,1.16166,1.28471,0.95423,0.93583,0.97065,0.69285,0.7422,1.05257,1.02615,0.000709809,0.000709809,0.000709809
31,691.223,0.93889,1.05623,1.21407,0.9609,0.82714,0.91518,0.63595,0.86494,1.2135,1.13868,0.000676802,0.000676802,0.000676802
32,712.065,0.83962,1.01675,1.18425,0.68351,0.775,0.70814,0.39794,1.45315,2.42488,1.70113,0.000643795,0.000643795,0.000643795
33,732.404,0.94459,1.05805,1.25586,0.66696,0.725,0.68556,0.34063,1.63551,2.52887,1.84803,0.000610789,0.000610789,0.000610789
34,754.507,0.88551,1.09898,1.20357,0.84289,0.93711,0.91587,0.56186,1.06597,1.4268,1.33418,0.000577782,0.000577782,0.000577782
35,776.288,0.85319,0.97016,1.18614,0.96222,0.89558,0.95264,0.61995,0.9076,1.1183,1.17219,0.000544776,0.000544776,0.000544776
36,797.222,0.79084,0.90166,1.1456,0.88592,0.96229,0.97988,0.64238,0.78929,1.14553,1.08528,0.000511769,0.000511769,0.000511769
37,817.772,0.8214,0.93988,1.14408,0.91363,0.93033,0.98477,0.65989,0.78831,1.13023,1.0712,0.000478762,0.000478762,0.000478762
38,838.484,0.90341,0.98988,1.22986,0.95929,0.93464,0.98804,0.70728,0.76035,1.02051,1.04732,0.000445756,0.000445756,0.000445756
39,858.659,0.96465,1.03157,1.2641,0.96409,0.95,0.99262,0.6985,0.75916,1.01952,1.03756,0.000412749,0.000412749,0.000412749
40,879.242,0.8922,0.89665,1.21522,0.92393,0.95,0.95482,0.70257,0.79062,1.04099,1.03857,0.000379743,0.000379743,0.000379743
41,900.239,0.83424,1.16714,1.23807,0.91562,0.96789,0.95298,0.69129,0.79019,1.03962,1.0067,0.000346736,0.000346736,0.000346736
42,920.136,0.83578,1.3006,1.21316,0.89724,0.9544,0.95343,0.76297,0.6708,1.11328,0.90361,0.000313729,0.000313729,0.000313729
43,940.4,0.71664,1.19141,1.15885,0.90844,0.95,0.95204,0.76748,0.65495,1.13814,0.88587,0.000280723,0.000280723,0.000280723
44,960.848,0.68263,1.0939,1.20925,0.96383,0.975,0.99174,0.80409,0.58461,1.16877,0.83481,0.000247716,0.000247716,0.000247716
45,982.026,0.63834,1.02288,1.13406,0.95841,0.975,0.99273,0.84329,0.57239,1.136,0.8291,0.00021471,0.00021471,0.00021471
46,1002.78,0.86927,1.10219,1.32361,0.93494,0.96898,0.95578,0.86173,0.5806,1.03274,0.82678,0.000181703,0.000181703,0.000181703
47,1023.65,0.63494,1.0415,1.13624,0.94511,0.96974,0.95578,0.86491,0.59143,1.00692,0.8322,0.000148696,0.000148696,0.000148696
48,1044.58,0.74605,1.19311,1.19122,0.91268,0.95773,0.95709,0.87046,0.60764,0.97696,0.83927,0.00011569,0.00011569,0.00011569
49,1065.41,0.69339,1.03526,1.20653,0.91649,0.95864,0.95841,0.87112,0.61259,0.96621,0.84335,8.26832e-05,8.26832e-05,8.26832e-05
50,1088.99,0.58965,0.91444,1.13527,0.93189,0.96032,0.96104,0.88854,0.61369,0.95376,0.8444,4.96766e-05,4.96766e-05,4.96766e-05
